15; 28; 42; 9; 37; 51
3; 19; 33; 48; 12; 26
7; 22; 36; 50; 14; 29
5; 20; 34; 49; 11; 25
8; 23; 38; 52; 16; 30
15; 28; 42; 9; 37; 51
3; 19; 33; 48; 12; 26
7; 22; 36; 50; 14; 29
5; 20; 34; 49; 11; 25
8; 23; 38; 52; 16; 30
2; 17; 31; 46; 10; 24
13; 27; 41; 6; 35; 49
15; 28; 42; 9; 37; 51
3; 19; 33; 48; 12; 26
7; 22; 36; 50; 14; 29
5; 20; 34; 49; 11; 25
8; 23; 38; 52; 16; 30
2; 17; 31; 46; 10; 24
15; 28; 42; 9; 37; 51
3; 19; 33; 48; 12; 26
7; 22; 36; 50; 14; 29
5; 20; 34; 49; 11; 25
8; 23; 38; 52; 16; 30
2; 17; 31; 46; 10; 24
13; 27; 41; 6; 35; 49
15; 28; 42; 9; 37; 51
3; 19; 33; 48; 12; 26
7; 22; 36; 50; 14; 29
5; 20; 34; 49; 11; 25
8; 23; 38; 52; 16; 30
2; 17; 31; 46; 10; 24
13; 27; 41; 6; 35; 49
15; 28; 42; 9; 37; 51
3; 19; 33; 48; 12; 26
7; 22; 36; 50; 14; 29
5; 20; 34; 49; 11; 25
8; 23; 38; 52; 16; 30
2; 17; 31; 46; 10; 24
15; 28; 42; 9; 37; 51
3; 19; 33; 48; 12; 26
7; 22; 36; 50; 14; 29
5; 20; 34; 49; 11; 25
8; 23; 38; 52; 16; 30
2; 17; 31; 46; 10; 24
13; 27; 41; 6; 35; 49
15; 28; 42; 9; 37; 51
3; 19; 33; 48; 12; 26
7; 22; 36; 50; 14; 29
5; 20; 34; 49; 11; 25
8; 23; 38; 52; 16; 30
2; 17; 31; 46; 10; 24
13; 27; 41; 6; 35; 49
4; 18; 32; 47; 1; 21
14; 39; 53; 8; 40; 54
6; 21; 35; 50; 13; 27
15; 28; 42; 9; 37; 51
3; 19; 33; 48; 12; 26
7; 22; 36; 50; 14; 29
5; 20; 34; 49; 11; 25
8; 23; 38; 52; 16; 30
2; 17; 31; 46; 10; 24
13; 27; 41; 6; 35; 49
15; 28; 42; 9; 37; 51
3; 19; 33; 48; 12; 26
7; 22; 36; 50; 14; 29
5; 20; 34; 49; 11; 25
8; 23; 38; 52; 16; 30
2; 17; 31; 46; 10; 24
13; 27; 41; 6; 35; 49
4; 18; 32; 47; 1; 21
14; 39; 53; 8; 40; 54
6; 21; 35; 50; 13; 27
2; 17; 31; 46; 10; 24
13; 27; 41; 6; 35; 49
4; 18; 32; 47; 1; 21
15; 28; 42; 9; 37; 51
3; 19; 33; 48; 12; 26
7; 22; 36; 50; 14; 29
5; 20; 34; 49; 11; 25
8; 23; 38; 52; 16; 30
15; 28; 42; 9; 37; 51
3; 19; 33; 48; 12; 26
7; 22; 36; 50; 14; 29
15; 28; 42; 9; 37; 51
3; 19; 33; 48; 12; 26
7; 22; 36; 50; 14; 29
5; 20; 34; 49; 11; 25
8; 23; 38; 52; 16; 30
2; 17; 31; 46; 10; 24
13; 27; 41; 6; 35; 49
4; 18; 32; 47; 1; 21
14; 39; 53; 8; 40; 54
6; 21; 35; 50; 13; 27
15; 28; 42; 9; 37; 51
3; 19; 33; 48; 12; 26
7; 22; 36; 50; 14; 29
5; 20; 34; 49; 11; 25
8; 23; 38; 52; 16; 30
2; 17; 31; 46; 10; 24
13; 27; 41; 6; 35; 49
4; 18; 32; 47; 1; 21
14; 39; 53; 8; 40; 54
6; 21; 35; 50; 13; 27
15; 28; 42; 9; 37; 51
3; 19; 33; 48; 12; 26
7; 22; 36; 50; 14; 29
5; 20; 34; 49; 11; 25
8; 23; 38; 52; 16; 30
15; 28; 42; 9; 37; 51
3; 19; 33; 48; 12; 26
7; 22; 36; 50; 14; 29
5; 20; 34; 49; 11; 25
8; 23; 38; 52; 16; 30
2; 17; 31; 46; 10; 24
13; 27; 41; 6; 35; 49
15; 28; 42; 9; 37; 51
3; 19; 33; 48; 12; 26
7; 22; 36; 50; 14; 29
5; 20; 34; 49; 11; 25
8; 23; 38; 52; 16; 30
2; 17; 31; 46; 10; 24
15; 28; 42; 9; 37; 51
3; 19; 33; 48; 12; 26
7; 22; 36; 50; 14; 29
5; 20; 34; 49; 11; 25
8; 23; 38; 52; 16; 30
2; 17; 31; 46; 10; 24
13; 27; 41; 6; 35; 49
15; 28; 42; 9; 37; 51
3; 19; 33; 48; 12; 26
7; 22; 36; 50; 14; 29
5; 20; 34; 49; 11; 25
8; 23; 38; 52; 16; 30
2; 17; 31; 46; 10; 24
13; 27; 41; 6; 35; 49
15; 28; 42; 9; 37; 51
3; 19; 33; 48; 12; 26
7; 22; 36; 50; 14; 29
5; 20; 34; 49; 11; 25
8; 23; 38; 52; 16; 30
2; 17; 31; 46; 10; 24
15; 28; 42; 9; 37; 51
3; 19; 33; 48; 12; 26
7; 22; 36; 50; 14; 29
5; 20; 34; 49; 11; 25
8; 23; 38; 52; 16; 30
2; 17; 31; 46; 10; 24
13; 27; 41; 6; 35; 49
15; 28; 42; 9; 37; 51
3; 19; 33; 48; 12; 26
7; 22; 36; 50; 14; 29
5; 20; 34; 49; 11; 25
8; 23; 38; 52; 16; 30
2; 17; 31; 46; 10; 24
13; 27; 41; 6; 35; 49
4; 18; 32; 47; 1; 21
14; 39; 53; 8; 40; 54
6; 21; 35; 50; 13; 27
15; 28; 42; 9; 37; 51
3; 19; 33; 48; 12; 26
7; 22; 36; 50; 14; 29
5; 20; 34; 49; 11; 25
8; 23; 38; 52; 16; 30
2; 17; 31; 46; 10; 24
13; 27; 41; 6; 35; 49
15; 28; 42; 9; 37; 51
3; 19; 33; 48; 12; 26
7; 22; 36; 50; 14; 29
5; 20; 34; 49; 11; 25
8; 23; 38; 52; 16; 30
2; 17; 31; 46; 10; 24
13; 27; 41; 6; 35; 49
4; 18; 32; 47; 1; 21
14; 39; 53; 8; 40; 54
6; 21; 35; 50; 13; 27
2; 17; 31; 46; 10; 24
13; 27; 41; 6; 35; 49
4; 18; 32; 47; 1; 21
15; 28; 42; 9; 37; 51
3; 19; 33; 48; 12; 26
7; 22; 36; 50; 14; 29
5; 20; 34; 49; 11; 25
8; 23; 38; 52; 16; 30
15; 28; 42; 9; 37; 51
3; 19; 33; 48; 12; 26
7; 22; 36; 50; 14; 29
15; 28; 42; 9; 37; 51
3; 19; 33; 48; 12; 26
7; 22; 36; 50; 14; 29
5; 20; 34; 49; 11; 25
8; 23; 38; 52; 16; 30
2; 17; 31; 46; 10; 24
13; 27; 41; 6; 35; 49
4; 18; 32; 47; 1; 21
14; 39; 53; 8; 40; 54
6; 21; 35; 50; 13; 27
15; 28; 42; 9; 37; 51
3; 19; 33; 48; 12; 26
7; 22; 36; 50; 14; 29
5; 20; 34; 49; 11; 25
8; 23; 38; 52; 16; 30
2; 17; 31; 46; 10; 24
13; 27; 41; 6; 35; 49
15; 28; 42; 9; 37; 51
3; 19; 33; 48; 12; 26
7; 22; 36; 50; 14; 29
5; 20; 34; 49; 11; 25
8; 23; 38; 52; 16; 30
15; 28; 42; 9; 37; 51
3; 19; 33; 48; 12; 26
7; 22; 36; 50; 14; 29
5; 20; 34; 49; 11; 25
8; 23; 38; 52; 16; 30
2; 17; 31; 46; 10; 24
13; 27; 41; 6; 35; 49
15; 28; 42; 9; 37; 51
3; 19; 33; 48; 12; 26
7; 22; 36; 50; 14; 29
5; 20; 34; 49; 11; 25
8; 23; 38; 52; 16; 30
2; 17; 31; 46; 10; 24
15; 28; 42; 9; 37; 51
3; 19; 33; 48; 12; 26
7; 22; 36; 50; 14; 29
5; 20; 34; 49; 11; 25
8; 23; 38; 52; 16; 30
2; 17; 31; 46; 10; 24
13; 27; 41; 6; 35; 49
15; 28; 42; 9; 37; 51
3; 19; 33; 48; 12; 26
7; 22; 36; 50; 14; 29
5; 20; 34; 49; 11; 25
8; 23; 38; 52; 16; 30
2; 17; 31; 46; 10; 24
13; 27; 41; 6; 35; 49
15; 28; 42; 9; 37; 51
3; 19; 33; 48; 12; 26
7; 22; 36; 50; 14; 29
5; 20; 34; 49; 11; 25
8; 23; 38; 52; 16; 30
2; 17; 31; 46; 10; 24
15; 28; 42; 9; 37; 51
3; 19; 33; 48; 12; 26
7; 22; 36; 50; 14; 29
5; 20; 34; 49; 11; 25
8; 23; 38; 52; 16; 30
2; 17; 31; 46; 10; 24
13; 27; 41; 6; 35; 49
15; 28; 42; 9; 37; 51
3; 19; 33; 48; 12; 26
7; 22; 36; 50; 14; 29
5; 20; 34; 49; 11; 25
8; 23; 38; 52; 16; 30
2; 17; 31; 46; 10; 24
13; 27; 41; 6; 35; 49
4; 18; 32; 47; 1; 21
14; 39; 53; 8; 40; 54
6; 21; 35; 50; 13; 27
15; 28; 42; 9; 37; 51
3; 19; 33; 48; 12; 26
7; 22; 36; 50; 14; 29
5; 20; 34; 49; 11; 25
8; 23; 38; 52; 16; 30
2; 17; 31; 46; 10; 24
13; 27; 41; 6; 35; 49
15; 28; 42; 9; 37; 51
3; 19; 33; 48; 12; 26
7; 22; 36; 50; 14; 29
5; 20; 34; 49; 11; 25
8; 23; 38; 52; 16; 30
2; 17; 31; 46; 10; 24
13; 27; 41; 6; 35; 49
4; 18; 32; 47; 1; 21
14; 39; 53; 8; 40; 54
6; 21; 35; 50; 13; 27
2; 17; 31; 46; 10; 24
13; 27; 41; 6; 35; 49
4; 18; 32; 47; 1; 21
15; 28; 42; 9; 37; 51
3; 19; 33; 48; 12; 26
7; 22; 36; 50; 14; 29
5; 20; 34; 49; 11; 25
8; 23; 38; 52; 16; 30
15; 28; 42; 9; 37; 51
3; 19; 33; 48; 12; 26
7; 22; 36; 50; 14; 29
15; 28; 42; 9; 37; 51
3; 19; 33; 48; 12; 26
7; 22; 36; 50; 14; 29
5; 20; 34; 49; 11; 25
8; 23; 38; 52; 16; 30
2; 17; 31; 46; 10; 24
13; 27; 41; 6; 35; 49
4; 18; 32; 47; 1; 21
14; 39; 53; 8; 40; 54
6; 21; 35; 50; 13; 27
15; 28; 42; 9; 37; 51
3; 19; 33; 48; 12; 26
7; 22; 36; 50; 14; 29